ƒI[ƒi[“o˜^Ïƒtƒ‰ƒO,“X–¼,ZŠ,“d˜b”Ô†,ƒWƒƒƒ“ƒ‹,•]‰¿•ŒûƒRƒ~“_”,ŒûƒRƒ~”,Œö®ƒTƒCƒgURL,ƒƒjƒ…[URL,URL
“o˜^Ï‚İ,‹“sŒÜğ ¬–ì,§600-8104 ‹“s•{ ‹“ss ‰º‹‹æ–œõ›’¬140-2 The Blossom Kyoto,+81 75-708-5533,ƒtƒŒƒ“ƒ`,,,http://kebc700.gorp.jp/,https://r.gnavi.co.jp/p2crbsc70000/menu1/,https://www.tripadvisor.jp/Restaurant_Review-g298564-d25238006-Reviews-Kyoto_Gojo_Ono-Kyoto_Kyoto_Prefecture_Kinki.html
“o˜^Ï‚İ,‚¨‚¤‚¿‚²‚Í‚ñ ’†“‡‰Æ,§600-8054 ‹“s•{ ‹“ss ‰º‹‹æ•§Œõ›’Ê•x¬˜H¼“ü•§Œõ›“Œ’¬115,+81 75-365-2262,˜aH,5.0 ,87Œ‚ÌŒûƒRƒ~,https://ouchigohan-nakashimaya.com/,https://ouchigohan-nakashimaya.com/menu/,https://www.tripadvisor.jp/Restaurant_Review-g298564-d9652084-Reviews-Ouchigohan_Nakashimaya-Kyoto_Kyoto_Prefecture_Kinki.html
“o˜^Ï‚İ,‹’¬‰Æ‚¨‚Î‚ñ‚´‚¢ ‚±‚Í‚­,§604-8022 ‹“s•{ ‹“ss ’†‹‹æ“ìÔ‰®’¬282-2,+81 75-252-6555,˜aH,5.0 ,103Œ‚ÌŒûƒRƒ~,https://kyomachiya-kohaku.com/,https://kyomachiya-kohaku.com/menu/,https://www.tripadvisor.jp/Restaurant_Review-g298564-d16886763-Reviews-Kyomachiyaobanzai_Kohaku-Kyoto_Kyoto_Prefecture_Kinki.html
“o˜^Ï‚İ,ƒsƒbƒcƒFƒŠƒA ƒ‹ƒK[ƒ‰,§616-8376 ‹“s•{ ‹“ss ‰E‹‹æµ‰ã“V—´›£ŒËì’¬18-25,+81 75-203-9391,ƒCƒ^ƒŠƒAƒ“,5.0 ,126Œ‚ÌŒûƒRƒ~,https://www.facebook.com/LugaraFMJ/,,https://www.tripadvisor.jp/Restaurant_Review-g298564-d15041606-Reviews-Pizzeria_Lugara-Kyoto_Kyoto_Prefecture_Kinki.html
“o˜^Ï‚İ,ƒCƒ“ƒhƒŒƒXƒgƒ‰ƒ“ƒjƒ…[ƒfƒŠ[,§602-8158 ‹“s•{ ‹“ss ã‹‹æ’†–±’¬491 õ‰‘ƒrƒ‹ 1F,+81 75-366-8787,ƒCƒ“ƒh—¿—,5.0 ,198Œ‚ÌŒûƒRƒ~,https://www.facebook.com/newdelhi569/,,https://www.tripadvisor.jp/Restaurant_Review-g298564-d13975836-Reviews-Newdelhi_Indian_Restaurant-Kyoto_Kyoto_Prefecture_Kinki.html
“o˜^Ï‚İ,ƒo[ƒK[ƒŒƒ{ƒŠƒ…[ƒVƒ‡ƒ“ ƒLƒ‡ƒEƒg,‹“s•{ ‹“ss ‰º‹‹æˆ»¬˜H’Ê–xì¼“ü–­–›’¬586,+81 75-432-7531,ƒAƒƒŠƒJ—¿—,5.0 ,144Œ‚ÌŒûƒRƒ~,https://www.instagram.com/burgerrevolutionkyoto/,,https://www.tripadvisor.jp/Restaurant_Review-g298564-d25077293-Reviews-Burger_Revolution_Kyoto-Kyoto_Kyoto_Prefecture_Kinki.html
“o˜^Ï‚İ,‚à‚è‚à‚èõ‚µ lğ‰ÍŒ´’¬“X,§600-8001 ‹“s•{ ‹“ss ‰º‹‹ælğ’¬‰ÍŒ´’¬“Œ“ü^’¬68 Z—F•s“®Y‹“sƒrƒ‹8ŠK,+81 75-708-7623,˜aH,4.5 ,7Œ‚ÌŒûƒRƒ~,,,https://www.tripadvisor.jp/Restaurant_Review-g298564-d12726825-Reviews-Morimori_Sushi_Shijo_Kawaramachi-Kyoto_Kyoto_Prefecture_Kinki.html
“o˜^Ï‚İ,ØğˆÁ‚µ‚ç–Ø,§604-0985 ‹“s•{ ‹“ss ’†‹‹æên‰®’¬’|‰®’¬ã‚ª‚éM‰®’¬420-3,+81 75-213-5546,˜aH,5.0 ,305Œ‚ÌŒûƒRƒ~,http://www.facebook.com/saishushiraki/,https://www.facebook.com/SaishuanShiraki/photos/a.869019976480805/1807573602625433/?type=3&theater,https://www.tripadvisor.jp/Restaurant_Review-g298564-d11999183-Reviews-Saishuan_Shiraki-Kyoto_Kyoto_Prefecture_Kinki.html
“o˜^Ï‚İ,‚¨D‚İÄ‚« ,§616-8011 ‹“s•{ ‹“ss ‰E‹‹æ—´ˆÀ›Ö‹{’¬1-4,+81 75-464-8981,˜aH,5.0 ,450Œ‚ÌŒûƒRƒ~,http://okonomiyakikatsu.wixsite.com/katsu,,https://www.tripadvisor.jp/Restaurant_Review-g298564-d7437189-Reviews-Okonomiyaki_Katsu-Kyoto_Kyoto_Prefecture_Kinki.html
“o˜^Ï‚İ,Kobe Beef Steak ƒ‚[ƒŠƒ„âL‰€,§605-0802 ‹“s•{ ‹“ss “ŒR‹æ‘å˜a‘å˜H’Êlğ‰º‚é‘å˜a’¬7-1 ‹_‰€ƒ‚[ƒŠƒ„ƒrƒ‹,+81 75-532-4129,˜aH,5.0 ,421Œ‚ÌŒûƒRƒ~,https://www.mouriya.co.jp/gion,https://www.mouriya.co.jp/gion/menu,https://www.tripadvisor.jp/Restaurant_Review-g298564-d13799174-Reviews-Kobe_Beef_Steak_Moriya_Gion-Kyoto_Kyoto_Prefecture_Kinki.html
“o˜^Ï‚İ,’ƒ—¾˜aØ,§605-0825 ‹“s•{ ‹“ss “ŒR‹æ‰º‰ÍŒ´’¬476-2,+81 75-551-0064,˜aH,5.0 ,154Œ‚ÌŒûƒRƒ~,https://www.instagram.com/wakana.dango/?hl=ja,https://instagram.com/wakana.dango?igshid=YmMyMTA2M2Y=,https://www.tripadvisor.jp/Restaurant_Review-g298564-d8143386-Reviews-Wakana-Kyoto_Kyoto_Prefecture_Kinki.html
ƒI[ƒi[–¢“o˜^,Mezopotamia Kebab House,§604-8046 ‹“s•{ ‹“ss ’†‹‹æ“Œ‘¤’¬501-14,+81 90-1711-7521,ƒtƒ@ƒXƒgƒt[ƒh,5.0 ,225Œ‚ÌŒûƒRƒ~,,,https://www.tripadvisor.jp/Restaurant_Review-g298564-d13115279-Reviews-Mezopotamia_Kebab_House-Kyoto_Kyoto_Prefecture_Kinki.html
“o˜^Ï‚İ,“÷’à Œ‹,§604-0923 ‹“s•{ ‹“ss ’†‹‹æã¿–Ø’¬503-2,+81 75-221-8887,ƒOƒŠƒ‹,1.0 ,1Œ‚ÌŒûƒRƒ~,http://kc1y501.gorp.jp/?_gl=1*1hsag93*_ga*MTkxMzUyNTk2Ni4xNjc1MjE3MzMx*_ga_L9BHK8C28C*MTY3NjMzODkwMS4yMC4wLjE2NzYzMzg5MDEuNjAuMC4w,https://r.gnavi.co.jp/7s6eun1s0000/menu7/,https://www.tripadvisor.jp/Restaurant_Review-g298564-d25175386-Reviews-Nikutei_Yui-Kyoto_Kyoto_Prefecture_Kinki.html
“o˜^Ï‚İ,‚·‚µ ¬“c‰®,§616-8385 ‹“s•{ ‹“ss ‰E‹‹æµ‰ã“V—´›äŠ‚Ì”nê’¬3-25 —’RƒXƒNƒGƒA ƒEƒGƒXƒgƒp[ƒN,+81 90-8579-8383,˜aH,5.0 ,446Œ‚ÌŒûƒRƒ~,,,https://www.tripadvisor.jp/Restaurant_Review-g298564-d11868064-Reviews-Sushi_Naritaya-Kyoto_Kyoto_Prefecture_Kinki.html
“o˜^Ï‚İ,”ªâ’Ê‚è ‰Šy,§605-0811 ‹“s•{ ‹“ss “ŒR‹æ”ªâ’Ê‚è¬¼’¬594,+81 75-533-6646,˜aH,5.0 ,422Œ‚ÌŒûƒRƒ~,http://www.zuzu.jp/yasaka/,https://r.gnavi.co.jp/9m1efzpt0000/menu1/,https://www.tripadvisor.jp/Restaurant_Review-g298564-d3866932-Reviews-Yasakadori_Enraku-Kyoto_Kyoto_Prefecture_Kinki.html
“o˜^Ï‚İ,TEPPAN TAVERN TENAMONYA,§605-0074 ‹“s•{ ‹“ss “ŒR‹æ‹_‰€’¬“ì‘¤537-2 ƒqƒƒrƒ‹ B1F,+81 75-551-5272,˜aH,5.0 ,665Œ‚ÌŒûƒRƒ~,http://www.tenamonyakyoto.com/,https://www.tenamonyakyoto.com/menu-1,https://www.tripadvisor.jp/Restaurant_Review-g298564-d3884813-Reviews-TEPPAN_TAVERN_TENAMONYA-Kyoto_Kyoto_Prefecture_Kinki.html
“o˜^Ï‚İ,ƒAƒ‰ƒV‚ÌƒLƒbƒ`ƒ“,§606-8392 ‹“s•{ ‹“ss ¶‹‹æ¹Œì‰@R‰¤’¬16-4 ƒTƒ“ƒvƒ‰ƒU2F,+81 80-5366-5573,ƒCƒ“ƒh—¿—,5.0 ,"1,270Œ‚ÌŒûƒRƒ~",http://www.arashskitchen.net/,https://www.arashskitchen.net/wwwarashskitchennet-menu,https://www.tripadvisor.jp/Restaurant_Review-g298564-d7459894-Reviews-Arash_s_Kitchen-Kyoto_Kyoto_Prefecture_Kinki.html
“o˜^Ï‚İ,ƒvƒŒƒ~ƒAƒ€ ™ß ‹_‰€“X,§605-0074 ‹“s•{ ‹“ss “ŒR‹æ‹_‰€’¬“ì‘¤570-15,+81 75-748-1029,˜aH,5.0 ,192Œ‚ÌŒûƒRƒ~,http://pound.2os.jp/en/premium-steak-gion/,https://r.gnavi.co.jp/8zvp0v4v0000/menu10/,https://www.tripadvisor.jp/Restaurant_Review-g298564-d13124353-Reviews-Premium_Pound_Gion-Kyoto_Kyoto_Prefecture_Kinki.html
“o˜^Ï‚İ,’YÄ‰V“yˆäŠˆ‰V ‹_‰€”ªâ“X,§605-0821 ‹“s•{ ‹“ss “ŒR‹æ´ˆä’¬492-19 ‚³‚ñ‚³‚ñ”ªâ1F,+81 75-746-6689,˜aH,,,https://doikatsuman.net/,https://r.gnavi.co.jp/r17uy6cp0000/lunch/,https://www.tripadvisor.jp/Restaurant_Review-g298564-d24053535-Reviews-Sumiyakiunagi_Doikatsuman_Gionyasakaten-Kyoto_Kyoto_Prefecture_Kinki.html
“o˜^Ï‚İ,“Ø‚µ‚á‚Ô‰p ‹“slğ‰GŠÛ“X,§600-8082 ‹“s•{ ‹“ss ‰º‹‹æ‚‘q’Êlğ‰ºƒ‹‚Ş–Ø’¬226 ‘O“cƒrƒ‹2F,+81 75-708-8366,˜aH,5.0 ,491Œ‚ÌŒûƒRƒ~,http://shabushabu-hide.com/,https://shabushabu-hide.com/menu-2.html,https://www.tripadvisor.jp/Restaurant_Review-g298564-d7037769-Reviews-Tonshabu_Hide_Kyoto_Shijo_Karasuma-Kyoto_Kyoto_Prefecture_Kinki.html
“o˜^Ï‚İ,‹j[õi,§604-0071 ‹“s•{ ‹“ss ’†‹‹æ–û¬˜H’ÊŠÛ‘¾’¬‰ºƒ‹‘å•¶š’¬43,+81 75-231-7361,˜aH,5.0 ,414Œ‚ÌŒûƒRƒ~,http://kikyo-sushi-kyoto.com/,https://kikyo-sushi-kyoto.com/menu,https://www.tripadvisor.jp/Restaurant_Review-g298564-d9616696-Reviews-Kikyo_Sushi-Kyoto_Kyoto_Prefecture_Kinki.html
“o˜^Ï‚İ,˜Q‰Ô‚Ğ‚Æ‚­‚¿éLq ƒ`ƒƒƒIƒ`ƒƒƒI lğ‰ÍŒ´’¬“X,§600-8021 ‹“s•{ ‹“ss ‰º‹‹æ‰ÍŒ´’¬’Êlğ‰ºƒ‹‡•—’¬312-1,+81 75-353-2626,’†‰Ø—¿—,4.5 ,401Œ‚ÌŒûƒRƒ~,http://www.gyozakeikaku.com/shop/chaochao/,https://www.gyozakeikaku.com/upload/shops/NEWGMENU-gyozasenmonVER.pdf,https://www.tripadvisor.jp/Restaurant_Review-g298564-d13222331-Reviews-Chao_Chao_Gyoza_Shijo_Kawaramachi-Kyoto_Kyoto_Prefecture_Kinki.html
“o˜^Ï‚İ,“S”ÂÄ“÷ ‚É‚â‚Ü –Ø‰®’¬“X,§604-8015 ‹“s•{ ‹“ss ’†‹‹æ“ç‰®’¬221 –Ø‰®’¬50ƒrƒ‹ 2F,+81 75-585-5353,ƒXƒe[ƒLƒnƒEƒX,4.5 ,693Œ‚ÌŒûƒRƒ~,http://niyama-shijyokiyamachi.gorp.jp/,https://gurunavi.com/en/kd5f900/mn/course1/rst/,https://www.tripadvisor.jp/Restaurant_Review-g298564-d13376678-Reviews-Teppanyaki_Niyama_Kiyamachi_since_1955-Kyoto_Kyoto_Prefecture_Kinki.html
“o˜^Ï‚İ,¼ã‹Whatfs ‹“sº’¬“X,§604-8165 ‹“s•{ ‹“ss ’†‹‹æº’¬’ÊOğ‰ºƒ‹‰G–Xq‰®’¬477,+81 75-222-2989,ƒOƒŠƒ‹,4.5 ,514Œ‚ÌŒûƒRƒ~,http://lit.link/whatsmuromachi,https://storage.googleapis.com/usen-mymenu-storemenu/USEN-MyMenu-8c18af196cf218c5720651cbb970be0d.pdf,https://www.tripadvisor.jp/Restaurant_Review-g298564-d3789237-Reviews-Matsuzakagyu_What_s_Kyoto_Muromachi-Kyoto_Kyoto_Prefecture_Kinki.html
“o˜^Ï‚İ,sê¬˜H ƒWƒFƒCƒA[ƒ‹‹“sˆÉ¨’O“X,§600-8555 ‹“s•{ ‹“ss ‰º‹‹æ‹“ss‰GŠÛ’Ê‰–¬˜H‰º‚é“Œ‰–¬˜H’¬901 ƒWƒFƒCƒA[ƒ‹‹“sˆÉ¨’O 9F,+81 75-365-3388,,4.0 ,42Œ‚ÌŒûƒRƒ~,http://www.star-kyoto.co.jp/restaurant/shop-1/,https://r.gnavi.co.jp/k002701/menu4/,https://www.tripadvisor.jp/Restaurant_Review-g298564-d3753652-Reviews-Ichiba_Koji_JR_Kyoto_Isetan-Kyoto_Kyoto_Prefecture_Kinki.html
“o˜^Ï‚İ,‹ƒJƒc‹“sŸ‹ ›’¬‹‹É“X,§604-8046 ‹“s•{ ‹“ss ’†‹‹æV‹‹É’Ê‘û–òt‰ºƒ‹“Œ‘¤’¬529-2,+81 75-744-1418,˜aH,5.0 ,157Œ‚ÌŒûƒRƒ~,https://gyukatsu-kyotokatsugyu.com/store/teramachikyogoku/,https://gyukatsu-kyotokatsugyu.com/store/teramachikyogoku/,https://www.tripadvisor.jp/Restaurant_Review-g298564-d17702276-Reviews-Gyukatsu_Kyoto_Katsugyu_Teramachi_Kyogoku-Kyoto_Kyoto_Prefecture_Kinki.html
“o˜^Ï‚İ,“÷‚à‚ñ,§604-8365 ‹“s•{ ‹“ss ’†‹‹æ‹Ñ‘å‹{’¬130 ƒƒ]ƒ“ƒh[ƒ‹lğ‘å‹{1F,+81 75-802-2296,˜aH,4.5 ,522Œ‚ÌŒûƒRƒ~,http://niku-mon.com/,https://gurunavi.com/en/kcar000/mn/menu3/rst/,https://www.tripadvisor.jp/Restaurant_Review-g298564-d9675221-Reviews-Niku_Mon-Kyoto_Kyoto_Prefecture_Kinki.html
“o˜^Ï‚İ,’A”n‰® ƒCƒIƒ“ƒ‚[ƒ‹KYOTO“X,§601-8417 ‹“s•{ ‹“ss “ì‹æ¼‹ãğ’¹‹Œû’¬1”Ô’n ƒCƒIƒ“ƒ‚[ƒ‹KYOTO 4F,+81 75-672-6010,˜aH,4.5 ,"1,616Œ‚ÌŒûƒRƒ~",http://manzo-kyoto.com/shop/tajima/index.php,,https://www.tripadvisor.jp/Restaurant_Review-g298564-d12956019-Reviews-Tajimaya_Aeon_Mall_Kyoto-Kyoto_Kyoto_Prefecture_Kinki.html
“o˜^Ï‚İ,STEAK&WINE “÷ƒoƒ‹‹âŸ˜Y æ“l’¬“X,§604-8014 ‹“s•{ ‹“ss ’†‹‹æ”‰®’¬168-2 æ“l’¬‰ïŠÙ 1F,+81 75-252-7017,˜aH,4.5 ,427Œ‚ÌŒûƒRƒ~,http://nikubaru.jp/shop_info/ginjiro_pontocho/,http://nikubaru.jp/menu/,https://www.tripadvisor.jp/Restaurant_Review-g298564-d12597629-Reviews-Nikubaru_Ginjiro_Pontocho-Kyoto_Kyoto_Prefecture_Kinki.html
“o˜^Ï‚İ,ƒvƒŒƒ~ƒAƒ€ ™ß ‹“s‰w‘O,§600-8217 ‹“s•{ ‹“ss ‰º‹‹æµğ’Ê‰GŠÛ¼“ü“Œ‹«’¬179 2F,+81 75-354-1929,ƒXƒe[ƒLƒnƒEƒX,4.5 ,496Œ‚ÌŒûƒRƒ~,http://pound.2os.jp/en/premium-steak-kyotoekimae/,https://r.gnavi.co.jp/m82ettvf0000/menu10/,https://www.tripadvisor.jp/Restaurant_Review-g298564-d11779206-Reviews-Pound_Kyoto_Ekimae-Kyoto_Kyoto_Prefecture_Kinki.html
“o˜^Ï‚İ,‘m‰¾¬–ì ‹“sò‹³›,§600-8031 ‹“s•{ ‹“ss ‰º‹‹æ›’¬’Êlğ‰ºƒ‹’åˆÀ‘O”V’¬620 OˆäƒK[ƒfƒ“ƒzƒeƒ‹‹“s‰ÍŒ´’¬ò‹³›2F,+81 75-708-8868,˜aH,4.0 ,3Œ‚ÌŒûƒRƒ~,http://kdnz600.gorp.jp/,https://r.gnavi.co.jp/261c676c0000/menu5/,https://www.tripadvisor.jp/Restaurant_Review-g298564-d23533525-Reviews-Sangaono_Kyotojokyoji-Kyoto_Kyoto_Prefecture_Kinki.html
“o˜^Ï‚İ,’A”n‰® lğ‰ÍŒ´’¬“X,§600-8567 ‹“s•{ ‹“ss ‰º‹‹ælğ’Ê‚è‰ÍŒ´’¬“Œ“ü‚é^’¬68 ‹“sƒ}ƒ‹ƒCƒrƒ‹7ŠK,+81 75-354-5165,˜aH,4.5 ,"1,324Œ‚ÌŒûƒRƒ~",http://manzo-kyoto.com/shop/tajima/,http://manzo-kyoto.com/shop/tajima/,https://www.tripadvisor.jp/Restaurant_Review-g298564-d12818266-Reviews-Tajimaya_Shijo_Kawaramachi-Kyoto_Kyoto_Prefecture_Kinki.html
“o˜^Ï‚İ,ƒXƒe[ƒLƒnƒEƒX ™ß ‹“s–{“X,§604-0863 ‹“s•{ ‹“ss ’†‹‹æˆÎì’Ê‰GŠÛ¼“üƒ‹”b’¬85,+81 75-708-6110,˜aH,4.5 ,303Œ‚ÌŒûƒRƒ~,http://pound.2os.jp/en/steak-honten/,https://r.gnavi.co.jp/ka9u100/menu2/,https://www.tripadvisor.jp/Restaurant_Review-g298564-d8601424-Reviews-Steak_House_Pound_Kyoto_Honten-Kyoto_Kyoto_Prefecture_Kinki.html
“o˜^Ï‚İ,ƒSƒCƒ`ƒsƒU,§600-8085 ‹“s•{ ‹“ss ‰º‹‹æŠ‹âÄ‰®’¬ 498,+81 75-344-3177,ƒCƒ^ƒŠƒAƒ“,4.5 ,529Œ‚ÌŒûƒRƒ~,http://www.facebook.com/GOICHIPIZZA/,,https://www.tripadvisor.jp/Restaurant_Review-g298564-d4418251-Reviews-Goichi_Pizza-Kyoto_Kyoto_Prefecture_Kinki.html
“o˜^Ï‚İ,‹‹É‚ç[‚ß‚ñ ‹“s ‰Š_,§600-8039 ‹“s•{ ‹“ss ‰º‹‹æ‘åõ’¬‚S‚O‚O”Ô’n ‚QF,+81 75-746-5795,˜aH,4.5 ,221Œ‚ÌŒûƒRƒ~,,http://n35engine.com/menu,https://www.tripadvisor.jp/Restaurant_Review-g298564-d14189364-Reviews-Kyoto_Engine_Ramen-Kyoto_Kyoto_Prefecture_Kinki.html
“o˜^Ï‚İ,ƒVƒ…ƒK[ ƒqƒ‹ ƒLƒ‡ƒEƒg,§600-8028 ‹“s•{ ‹“ss ‰º‹‹æA¼’¬725 •Ğ‰ªƒrƒ‹1F,+81 75-351-3913,˜aH,4.5 ,649Œ‚ÌŒûƒRƒ~,http://sugarhillkyoto.business.site/,https://www.facebook.com/sugarhillkyoto/photos/,https://www.tripadvisor.jp/Restaurant_Review-g298564-d4081495-Reviews-Sugarhill_Kyoto-Kyoto_Kyoto_Prefecture_Kinki.html
“o˜^Ï‚İ,¼ã‹Whatfs ‹“sº’¬“X,§604-8165 ‹“s•{ ‹“ss ’†‹‹æº’¬’ÊOğ‰ºƒ‹‰G–Xq‰®’¬477,+81 75-222-2989,ƒOƒŠƒ‹,4.5 ,514Œ‚ÌŒûƒRƒ~,http://lit.link/whatsmuromachi,https://storage.googleapis.com/usen-mymenu-storemenu/USEN-MyMenu-8c18af196cf218c5720651cbb970be0d.pdf,https://www.tripadvisor.jp/Restaurant_Review-g298564-d3789237-Reviews-Matsuzakagyu_What_s_Kyoto_Muromachi-Kyoto_Kyoto_Prefecture_Kinki.html
“o˜^Ï‚İ,_ŒË‹ ’OR “S”ÂÄ,§604-8004 ‹“s•{ ‹“ss ’†‹‹æ’†“‡’¬84-1,+81 75-744-0911,ƒXƒe[ƒLƒnƒEƒX,5.0 ,432Œ‚ÌŒûƒRƒ~,http://niyama-sanjyokiyamachi.gorp.jp/,https://gurunavi.com/en/kd5f902/mn/course1/rst/,https://www.tripadvisor.jp/Restaurant_Review-g298564-d15776858-Reviews-KOBE_BEEF_Niyama_TEPPANYAKI_since_1955-Kyoto_Kyoto_Prefecture_Kinki.html
“o˜^Ï‚İ,ƒXƒe[ƒL ‚¨‚¨‚Â‚©,§616-8371 ‹“s•{ ‹“ss ‰E‹‹æµ‰ã“V—´›á‹{’¬21-3,+81 75-864-7989,˜aH,4.5 ,528Œ‚ÌŒûƒRƒ~,http://www.steak-otsuka.com/,https://www.steak-otsuka.com/menu_e,https://www.tripadvisor.jp/Restaurant_Review-g298564-d6601140-Reviews-STEAK_OTSUKA-Kyoto_Kyoto_Prefecture_Kinki.html
“o˜^Ï‚İ,“S”ÂÄ‚« äİ—²,§605-0933 ‹“s•{ ‹“ss “ŒR‹æV‹´’Ê‘å˜a‘å˜H“Œ“ü2’š–Ú‹´–{’¬382-2 ƒ‚ƒgƒTƒ“ƒrƒ‹ 1F,+81 75-525-0377,˜aH,4.5 ,253Œ‚ÌŒûƒRƒ~,,,https://www.tripadvisor.jp/Restaurant_Review-g298564-d4222758-Reviews-Teppanyaki_Manryu-Kyoto_Kyoto_Prefecture_Kinki.html
“o˜^Ï‚İ,ƒXƒe[ƒLƒnƒEƒX ™ß lğ‰ÍŒ´’¬“X,§600-8001 ‹“s•{ ‹“ss ‰º‹‹ælğ’Ê¬‹´¼“ü^’¬81,+81 75-746-2983,˜aH,4.5 ,880Œ‚ÌŒûƒRƒ~,http://pound.2os.jp/en/steak-shijokawaramachi/,https://r.gnavi.co.jp/jez9putp0000/menu2/,https://www.tripadvisor.jp/Restaurant_Review-g298564-d7437307-Reviews-Steak_House_Pound_Shijo_Kawaramachi-Kyoto_Kyoto_Prefecture_Kinki.html
“o˜^Ï‚İ,‹‚¿‚á‚Î‚È “ìV’¬“X,§600-8310 ‹“s•{ ‹“ss ‰º‹‹æµğ’ÊV’¬“Œ“üƒ‹ˆÎ”V’¬27 ƒAƒCƒGƒXƒrƒ‹1F,+81 75-352-0192,˜aH,4.5 ,300Œ‚ÌŒûƒRƒ~,http://kyochabana-kyoto-minamishinmachi.com/,https://kyochabana-kyoto-minamishinmachi.com/,https://www.tripadvisor.jp/Restaurant_Review-g298564-d9632016-Reviews-Kyochabana_Minami_Shinmachi-Kyoto_Kyoto_Prefecture_Kinki.html
“o˜^Ï‚İ,‹“sŒÜğ ¬–ì,§600-8104 ‹“s•{ ‹“ss ‰º‹‹æ–œõ›’¬140-2 The Blossom Kyoto,+81 75-708-5533,ƒtƒŒƒ“ƒ`,,,http://kebc700.gorp.jp/,https://r.gnavi.co.jp/p2crbsc70000/menu1/,https://www.tripadvisor.jp/Restaurant_Review-g298564-d25238006-Reviews-Kyoto_Gojo_Ono-Kyoto_Kyoto_Prefecture_Kinki.html
“o˜^Ï‚İ,‹“s•—‚¨D‚İÄ‚Æğ ‚¨‚ ‚ª‚è,§605-0074 ‹“s•{ ‹“ss “ŒR‹æ‹_‰€’¬“ì‘¤537-2 ƒqƒƒrƒ‹2F,+81 50-5480-4542,˜aH,4.5 ,289Œ‚ÌŒûƒRƒ~,https://oagari.com/,https://oagari.com/en,https://www.tripadvisor.jp/Restaurant_Review-g298564-d12951657-Reviews-Kyoto_styled_Okonomiyaki_Sake_Oagari-Kyoto_Kyoto_Prefecture_Kinki.html
“o˜^Ï‚İ,‚µ‚á‚Ô‚µ‚á‚Ô ’A”n‰® ‹“sƒˆƒhƒoƒV“X,§600-8216 ‹“s•{ ‹“ss ‰º‹‹æ‰GŠÛ’Êµğ‰ºƒ‹“Œ‰–¬˜H’¬590-2 ‹“sƒˆƒhƒoƒVƒrƒ‹6F,+81 75-344-2919,˜aH,4.5 ,"1,109Œ‚ÌŒûƒRƒ~",http://manzo-kyoto.com/shop/tajima/,,https://www.tripadvisor.jp/Restaurant_Review-g298564-d6520135-Reviews-Tajimaya_Kyoto_Yodobashi-Kyoto_Kyoto_Prefecture_Kinki.html
“o˜^Ï‚İ,–¡–¡,§605-0074 ‹“s•{ ‹“ss “ŒR‹æ‹_‰€’¬“ì‘¤528-6,+81 75-525-0155,˜aH,4.5 ,289Œ‚ÌŒûƒRƒ~,http://www.mimikou.jp/,http://www.mimikou.jp/english/,https://www.tripadvisor.jp/Restaurant_Review-g298564-d3779488-Reviews-Mimiko-Kyoto_Kyoto_Prefecture_Kinki.html
“o˜^Ï‚İ,‚ ‚¾‚¿,§602-8158 ‹“s•{ ‹“ss ã‹‹æç–{ŠÛ‘¾’¬“Œ“ü‚é,+81 75-841-4156,˜aH,5.0 ,148Œ‚ÌŒûƒRƒ~,http://www.kyoto-adachi.jp/,,https://www.tripadvisor.jp/Restaurant_Review-g298564-d9627369-Reviews-Adachi-Kyoto_Kyoto_Prefecture_Kinki.html
“o˜^Ï‚İ,ƒnƒ“ƒo[ƒO&ƒXƒe[ƒLê–å“X ™ß ”~¬˜H“X,§600-8841 ‹“s•{ ‹“ss ‰º‹‹æé³‰ï’¬1-1 ‹‰Ê‰ïŠÙ1ŠK,+81 75-746-6729,ƒAƒƒŠƒJ—¿—,4.5 ,660Œ‚ÌŒûƒRƒ~,http://ts-pound.com/a5toku-umekoji/,https://www.hotpepper.jp/strJ001141375/,https://www.tripadvisor.jp/Restaurant_Review-g298564-d7894249-Reviews-Hamburg_Steak_Pound_Umekoji-Kyoto_Kyoto_Prefecture_Kinki.html
“o˜^Ï‚İ,ITALIAN QUATRO ‹“s‰w‘O“X,§600-8216 ‹“s•{ ‹“ss ‰º‹‹æ‰–¬˜H’Ê‰GŠÛ¼“ü“Œ‰–¬˜H’¬614@V‹“sƒZƒ“ƒ^[ƒrƒ‹1F,+81 75-353-3777,ƒCƒ^ƒŠƒAƒ“,3.5 ,19Œ‚ÌŒûƒRƒ~,http://www.bal-flower.co.jp/fd/kyoto.html,https://r.gnavi.co.jp/1gm7v03u0000/menu6/,https://www.tripadvisor.jp/Restaurant_Review-g298564-d3514191-Reviews-Italian_quatro_Kyoto_Ekimae-Kyoto_Kyoto_Prefecture_Kinki.html
“o˜^Ï‚İ,ƒrƒA¬’¬,§605-0027 ‹“s•{ ‹“ss “ŒR‹æ”ªŒ¬’¬444,+81 75-746-6152,ƒrƒAƒo[,4.5 ,405Œ‚ÌŒûƒRƒ~,https://ja-jp.facebook.com/beerkomachi/,https://beerkomachi.com/menu/,https://www.tripadvisor.jp/Restaurant_Review-g298564-d7076004-Reviews-Beer_Komachi-Kyoto_Kyoto_Prefecture_Kinki.html
“o˜^Ï‚İ,“÷Š„–Bƒoƒ‹ ‹‹GYUGYU ‹_‰€–{“X,§605-0073 ‹“s•{ ‹“ss “ŒR‹æ‹_‰€’¬–k‘¤297-1,+81 75-532-1129,ƒOƒŠƒ‹,4.5 ,413Œ‚ÌŒûƒRƒ~,http://nikubaru.jp/shop_info/gyugyu_gion/,http://nikubaru.jp/menu/,https://www.tripadvisor.jp/Restaurant_Review-g298564-d10100038-Reviews-Meat_Kappo_Bar_Gyugyu_Gion_Honten-Kyoto_Kyoto_Prefecture_Kinki.html
“o˜^Ï‚İ,ƒ}ƒOƒƒtƒ@ƒNƒgƒŠ[,§605-0801 ‹“s•{ ‹“ss “ŒR‹æ‹{ì‹Ø1-220,+81 75-541-1101,ŠC‘NEƒV[ƒt[ƒh,4.5 ,230Œ‚ÌŒûƒRƒ~,http://magufac.owst.jp/,https://magufac.owst.jp/foods,https://www.tripadvisor.jp/Restaurant_Review-g298564-d13989702-Reviews-Pacific_Worker_s_Grill_Maguro_Factory-Kyoto_Kyoto_Prefecture_Kinki.html
“o˜^Ï‚İ,ƒAƒCƒ“ƒ\ƒtƒWƒƒ[ƒj[ ‹“s“X,§604-8042 ‹“s•{ ‹“ss ’†‹‹æV‹‹É’Êlğãƒ‹’†”V’¬538-6,+81 75-251-1876,ƒJƒtƒFE‹i’ƒ“X,4.5 ,171Œ‚ÌŒûƒRƒ~,http://ain-soph.jp/kyoto/,http://ain-soph.jp/kyoto/#menu,https://www.tripadvisor.jp/Restaurant_Review-g298564-d13860014-Reviews-AIN_SOPH_journey_Kyoto-Kyoto_Kyoto_Prefecture_Kinki.html
“o˜^Ï‚İ,‚Í‚Ó‚¤ –{“X,§604-0983 ‹“s•{ ‹“ss ’†‹‹æên‰®’¬’Ê ˆÎìãƒ‹ù‰®’¬471-1,+81 75-257-1581,˜aH,4.5 ,773Œ‚ÌŒûƒRƒ~,http://hafuu.com/,http://hafuu.com/menu.html#anchor,https://www.tripadvisor.jp/Restaurant_Review-g298564-d1664829-Reviews-Hafuu_Honten-Kyoto_Kyoto_Prefecture_Kinki.html
“o˜^Ï‚İ,sê¬˜H ƒWƒFƒCƒA[ƒ‹‹“sˆÉ¨’O“X,§600-8555 ‹“s•{ ‹“ss ‰º‹‹æ‹“ss‰GŠÛ’Ê‰–¬˜H‰º‚é“Œ‰–¬˜H’¬901 ƒWƒFƒCƒA[ƒ‹‹“sˆÉ¨’O 9F,+81 75-365-3388,,4.0 ,42Œ‚ÌŒûƒRƒ~,http://www.star-kyoto.co.jp/restaurant/shop-1/,https://r.gnavi.co.jp/k002701/menu4/,https://www.tripadvisor.jp/Restaurant_Review-g298564-d3753652-Reviews-Ichiba_Koji_JR_Kyoto_Isetan-Kyoto_Kyoto_Prefecture_Kinki.html
“o˜^Ï‚İ,‹‚¿‚á‚Î‚È ‹“s‰w‘O“X,‹“s•{ ‹“ss ‰º‹‹æ–Ø’Ã‰®‹´’Ê‰GŠÛ¼“ü“Œ‰–¬˜H’¬578 ‚Ü‚Â‚âƒrƒ‹ 1F,+81 75-352-7357,˜aH,4.5 ,568Œ‚ÌŒûƒRƒ~,http://chabana.com/shop/%e4%ba%ac%e9%83%bd%e9%a7%85%e5%89%8d%e5%ba%97/,http://chabana.com/menu/,https://www.tripadvisor.jp/Restaurant_Review-g298564-d3790037-Reviews-Kyo_Chabana_Kyotoekimae-Kyoto_Kyoto_Prefecture_Kinki.html
“o˜^Ï‚İ,æ“l’¬Ä“÷ ‚â‚é‹C,§604-8017 ‹“s•{ ‹“ss ’†‹‹æ“Œ–Ø‰®’¬’Êlğãƒ‹O’š–ÚŞ–Ø’¬182-4,+81 75-361-4001,˜aH,4.5 ,392Œ‚ÌŒûƒRƒ~,http://nikubaru.jp/shop_info/yakinikuwine_ponto/,http://nikubaru.jp/shop_info/yakinikuwine_ponto/,https://www.tripadvisor.jp/Restaurant_Review-g298564-d12786314-Reviews-Pontocho_Yakiniku_Yaruki-Kyoto_Kyoto_Prefecture_Kinki.html
ƒI[ƒi[–¢“o˜^,‚©‚Â‚­‚ç Oğ–{“X,§604-8036 ‹“s•{ ‹“ss ’†‹‹æOğ’Ê›’¬“Œ“üÎ‹´’¬16,+81 75-212-3581,˜aH,4.5 ,566Œ‚ÌŒûƒRƒ~,http://www.katsukura.jp/,http://www.katsukura.jp/menu.html,https://www.tripadvisor.jp/Restaurant_Review-g298564-d1172484-Reviews-Katsukura_Sanjo_Honten-Kyoto_Kyoto_Prefecture_Kinki.html
“o˜^Ï‚İ,éLX Oğ–Ø‰®’¬“X,§604-8002 ‹“s•{ ‹“ss ’†‹‹æ–Ø‰®’¬Oğ‰ºƒ‹Î‰®’¬117,+81 75-251-0056,˜aH,4.5 ,"1,366Œ‚ÌŒûƒRƒ~",http://www.gyozakeikaku.com/shop/list/detail/19,https://www.gyozakeikaku.com/upload/shops/NEWGMENU-gyozasenmonVER.pdf,https://www.tripadvisor.jp/Restaurant_Review-g298564-d7438346-Reviews-Chao_Chao_Sanjo_Kiyamachi-Kyoto_Kyoto_Prefecture_Kinki.html
“o˜^Ï‚İ,‚ß‚ñ”n­ˆê‘ã,§602-8153 ‹“s•{ ‹“ss ã‹‹æ“ìˆÉ¨‰®’¬757-2,+81 75-812-5818,˜aH,4.5 ,"1,047Œ‚ÌŒûƒRƒ~",http://fireramen.com/menbaka/index.html,http://6605567474cadf13.main.jp/fireramen/menbaka/images/230112WEBMENU.jpg,https://www.tripadvisor.jp/Restaurant_Review-g298564-d6520634-Reviews-Fire_Ramen_Kyoto_Menbaka-Kyoto_Kyoto_Prefecture_Kinki.html
“o˜^Ï‚İ,“÷’à Œ‹,§604-0923 ‹“s•{ ‹“ss ’†‹‹æã¿–Ø’¬503-2,+81 75-221-8887,ƒOƒŠƒ‹,1.0 ,1Œ‚ÌŒûƒRƒ~,http://kc1y501.gorp.jp/?_gl=1*1hsag93*_ga*MTkxMzUyNTk2Ni4xNjc1MjE3MzMx*_ga_L9BHK8C28C*MTY3NjMzODkwMS4yMC4wLjE2NzYzMzg5MDEuNjAuMC4w,https://r.gnavi.co.jp/7s6eun1s0000/menu7/,https://www.tripadvisor.jp/Restaurant_Review-g298564-d25175386-Reviews-Nikutei_Yui-Kyoto_Kyoto_Prefecture_Kinki.html
“o˜^Ï‚İ,ƒAƒvƒŠƒ|ƒƒ[,§600-8028 ‹“s•{ ‹“ss ‰º‹‹æ‰ÍŒ´’¬’Ê¼Œ´‰ºƒ‹A¼’¬716,+81 75-351-6251,ƒJƒtƒFE‹i’ƒ“X,4.5 ,192Œ‚ÌŒûƒRƒ~,https://www.facebook.com/cafeapprivoiser/timeline?ref=page_internal,http://vegecafe.org/breakfast_menu,https://www.tripadvisor.jp/Restaurant_Review-g298564-d7389942-Reviews-Whole_Food_Cafe_Apprivoiser-Kyoto_Kyoto_Prefecture_Kinki.html
“o˜^Ï‚İ,Shooting Bar M4,§604-8034 ‹“s•{ ‹“ss ’†‹‹æ¼ƒP}’¬452 TNƒrƒ‹‚RŠK,+81 80-5350-0556,ƒo[,5.0 ,180Œ‚ÌŒûƒRƒ~,http://kyoto-tanoshii-spot.jp/sp/m4/,https://m4-kyoto.jimdo.com/%E3%83%89%E3%83%AA%E3%83%B3%E3%82%AF/,https://www.tripadvisor.jp/Restaurant_Review-g298564-d10174050-Reviews-Shooting_Bar_M4-Kyoto_Kyoto_Prefecture_Kinki.html
“o˜^Ï‚İ,Trattoria Macedonia yuki,§604-0962 ‹“s•{ ‹“ss ’†‹‹æ’B–’¬615 ƒTƒ“ƒtƒ‰ƒ[ŒäK’¬1F,+81 75-203-2227,ƒCƒ^ƒŠƒAƒ“,5.0 ,111Œ‚ÌŒûƒRƒ~,https://www.facebook.com/Trattoria-macedonia-yuki-825692914126973/,https://www.facebook.com/,https://www.tripadvisor.jp/Restaurant_Review-g298564-d9664727-Reviews-Trattoria_Macedonia_yuki-Kyoto_Kyoto_Prefecture_Kinki.html
“o˜^Ï‚İ,‹¼”‚ÌÀ ‚æ‚µ‚Ş‚ç,§600-8105 ‹“s•{ ‹“ss ‰º‹‹æŒÜğ‰GŠÛ“Œ“üƒ‹–k‘¤,+81 75-353-0114,˜aH,4.5 ,384Œ‚ÌŒûƒRƒ~,http://www.yoshimura-gr.com/sobanomi/,https://www.yoshimura-gr.com/sobanomi/menu/lunch/,https://www.tripadvisor.jp/Restaurant_Review-g298564-d1679851-Reviews-Sobanomi_Yoshimura-Kyoto_Kyoto_Prefecture_Kinki.html
“o˜^Ï‚İ,n¬Ä“÷ ™ß ‹“s‰w‘O“X,§600-8217 ‹“s•{ ‹“ss ‰º‹‹æµğ’Ê‰GŠÛ¼“ü“Œ‹«’¬185-1,+81 75-708-8929,˜aH,4.5 ,414Œ‚ÌŒûƒRƒ~,http://pound.2os.jp/en/kyotoekimae/,https://r.gnavi.co.jp/kk179jy50000/menu10/,https://www.tripadvisor.jp/Restaurant_Review-g298564-d9466001-Reviews-Pound_Kyoto_Ekimae-Kyoto_Kyoto_Prefecture_Kinki.html
“o˜^Ï‚İ,‹_‰€ƒ_ƒbƒNƒk[ƒhƒ‹,§605-0073 ‹“s•{ ‹“ss “ŒR‹æ‹_‰€–k‘¤329,,˜aH,5.0 ,13Œ‚ÌŒûƒRƒ~,https://www.facebook.com/pages/category/Restaurant/Gion-Duck-Noodle-191143185068182/,,https://www.tripadvisor.jp/Restaurant_Review-g298564-d15745703-Reviews-Gion_Duck_Noodles-Kyoto_Kyoto_Prefecture_Kinki.html
“o˜^Ï‚İ,‚©‚Â‚­‚ç‹“s‰wƒrƒ‹ TheCube“X,§600-8216 ‹“s•{ ‹“ss ‰º‹‹æ“Œ‰–¬˜H’¬901 ‹“s‰wƒrƒ‹ê–å“XŠXTheCUBE 11F,+81 75-365-8666,˜aH,4.5 ,817Œ‚ÌŒûƒRƒ~,http://www.katsukura.jp/,http://www.katsukura.jp/menu_kisetsu.html,https://www.tripadvisor.jp/Restaurant_Review-g298564-d1671300-Reviews-Katsukura_Kyoto_Station_Bldg_The_Cube-Kyoto_Kyoto_Prefecture_Kinki.html
“o˜^Ï‚İ,ƒtƒ@ƒ‰ƒtƒFƒ‹ƒK[ƒfƒ“,§606-8204 ‹“s•{ ‹“ss ¶‹‹æ“c’†ã–ö’¬15-2,+81 75-712-1856,ƒCƒXƒ‰ƒGƒ‹—¿—,4.5 ,289Œ‚ÌŒûƒRƒ~,http://www.falafelgarden.com/,https://gurunavi.com/en/kcyc800/mn/recommend/rst/,https://www.tripadvisor.jp/Restaurant_Review-g298564-d1171752-Reviews-Falafel_Garden-Kyoto_Kyoto_Prefecture_Kinki.html
“o˜^Ï‚İ,‹“s‹_‰€ “V‚Õ‚ç š¢“° ”ªâ–{“X,§605-0811 ‹“s•{ ‹“ss “ŒR‹æ”ªâ’Ê¬¼’¬566 ´…›‚â‚‘ä›‚æ‚è“k•à5`10•ª,+81 75-551-1488,˜aH,4.5 ,435Œ‚ÌŒûƒRƒ~,http://www.gion-endo.com/,http://www.gion-endo.com/menu_lunch.html,https://www.tripadvisor.jp/Restaurant_Review-g298564-d1678706-Reviews-Kyoto_Gion_Tempura_Endo_Yasaka_Honten-Kyoto_Kyoto_Prefecture_Kinki.html
ƒI[ƒi[–¢“o˜^,ƒXƒ}ƒCƒ‹ƒo[ƒK[ ´…›“X,§605-0862 ‹“s•{ ‹“ss “ŒR‹æ´…4-188-1,+81 75-551-1418,ƒAƒƒŠƒJ—¿—,4.5 ,131Œ‚ÌŒûƒRƒ~,https://www.facebook.com/Smileburguer,,https://www.tripadvisor.jp/Restaurant_Review-g298564-d7207216-Reviews-Smile_Burger_Kiyomizudera-Kyoto_Kyoto_Prefecture_Kinki.html
“o˜^Ï‚İ,ƒtƒH[ƒ`ƒ…ƒ“ƒK[ƒfƒ“‹“s,§604-0924 ‹“s•{ ‹“ss ’†‹‹æ‰ÍŒ´’¬’Ê“ñğ‰º‚éˆê”VM“ü’¬386-2,+81 75-254-8843,ƒtƒŒƒ“ƒ`,4.5 ,282Œ‚ÌŒûƒRƒ~,http://www.fortunegarden.com/access/,https://www.fortunegarden.com/wp-content/uploads/2020/03/dinner-2.pdf,https://www.tripadvisor.jp/Restaurant_Review-g298564-d5448107-Reviews-Fortune_Garden_Kyoto-Kyoto_Kyoto_Prefecture_Kinki.html
“o˜^Ï‚İ,’YÄ‰V“yˆäŠˆ‰V ‹_‰€”ªâ“X,§605-0821 ‹“s•{ ‹“ss “ŒR‹æ´ˆä’¬492-19 ‚³‚ñ‚³‚ñ”ªâ1F,+81 75-746-6689,˜aH,,,https://doikatsuman.net/,https://r.gnavi.co.jp/r17uy6cp0000/lunch/,https://www.tripadvisor.jp/Restaurant_Review-g298564-d24053535-Reviews-Sumiyakiunagi_Doikatsuman_Gionyasakaten-Kyoto_Kyoto_Prefecture_Kinki.html
,,,,,4.5 ,514Œ‚ÌŒûƒRƒ~,,,https://www.tripadvisor.jp/Restaurant_Review-g298564-d3789237-Reviews-Matsuzakagyu_What_s_Kyoto_Muromachi-Kyoto_Kyoto_Prefecture_Kinki.html
ƒI[ƒi[–¢“o˜^,‹_‰€‚½‚ñ‚Æ,§605-0084 ‹“s•{ ‹“ss “ŒR‹æ´–{’¬372,+81 75-525-6100,˜aH,4.5 ,339Œ‚ÌŒûƒRƒ~,http://gion-tanto.com/,,https://www.tripadvisor.jp/Restaurant_Review-g298564-d1857387-Reviews-Gion_Tanto-Kyoto_Kyoto_Prefecture_Kinki.html
ƒI[ƒi[–¢“o˜^,‹“s‹âŠt› –¼‘ã‚¨‚ß‚ñ ‹âŠt›–{“X,§606-8406 ‹“s•{ ‹“ss ¶‹‹æò“y›Î‹´’¬74,+81 75-771-8994,˜aH,4.5 ,327Œ‚ÌŒûƒRƒ~,http://www.omen.co.jp/,http://www.omen.co.jp/menu.html,https://www.tripadvisor.jp/Restaurant_Review-g298564-d1664756-Reviews-Myodai_Omen_Ginkakuji_Honten-Kyoto_Kyoto_Prefecture_Kinki.html
“o˜^Ï‚İ,‚ ‚²‚Â‚ä‚µ‚á‚Ô‚µ‚á‚Ô R•Ÿ,§604-8017 ‹“s•{ ‹“ss ’†‹‹æŞ–Ø’¬187,+81 75-255-5015,˜aH,4.5 ,294Œ‚ÌŒûƒRƒ~,http://rk-sys.jp/kifuku/?l=en&m=pc&s=Fep,,https://www.tripadvisor.jp/Restaurant_Review-g298564-d4310509-Reviews-Agotsuyu_Shabu_Shabu_Yamafuku-Kyoto_Kyoto_Prefecture_Kinki.html
“o˜^Ï‚İ,—’R Šìd˜Y,§616-8374 ‹“s•{ ‹“ss ‰E‹‹æµ‰ã“V—´›–k‘¢˜H’¬18-27,+81 75-366-0732,˜aH,5.0 ,120Œ‚ÌŒûƒRƒ~,http://kijurou.gorp.jp/,https://r.gnavi.co.jp/m1p01t160000/menu3/,https://www.tripadvisor.jp/Restaurant_Review-g298564-d14767949-Reviews-Arashiyama_Kijurou-Kyoto_Kyoto_Prefecture_Kinki.html
ƒI[ƒi[–¢“o˜^,ƒlƒp[ƒ‹—¿— ƒ„ƒN•ƒCƒGƒeƒB,§604-8051 ‹“s•{ ‹“ss ’†‹‹æŒäK’¬’Ê‹Ñ¬˜H‰ºƒ‹‘å“ú’¬403-2 ’†‹‹æ,+81 75-213-7919,ƒAƒWƒA—¿—,4.5 ,210Œ‚ÌŒûƒRƒ~,http://www.facebook.com/Yak-And-Yeti-resturent-1408870829327121,,https://www.tripadvisor.jp/Restaurant_Review-g298564-d1173246-Reviews-Yak_Yeti-Kyoto_Kyoto_Prefecture_Kinki.html
“o˜^Ï‚İ,sê¬˜H ƒWƒFƒCƒA[ƒ‹‹“sˆÉ¨’O“X,§600-8555 ‹“s•{ ‹“ss ‰º‹‹æ‹“ss‰GŠÛ’Ê‰–¬˜H‰º‚é“Œ‰–¬˜H’¬901 ƒWƒFƒCƒA[ƒ‹‹“sˆÉ¨’O 9F,+81 75-365-3388,,4.0 ,42Œ‚ÌŒûƒRƒ~,http://www.star-kyoto.co.jp/restaurant/shop-1/,https://r.gnavi.co.jp/k002701/menu4/,https://www.tripadvisor.jp/Restaurant_Review-g298564-d3753652-Reviews-Ichiba_Koji_JR_Kyoto_Isetan-Kyoto_Kyoto_Prefecture_Kinki.html
“o˜^Ï‚İ,æ“l’¬ Ä“÷‚â‚Ü‚©‚í –{“X,§604-8011 ‹“s•{ ‹“ss ’†‹‹ææ“l’¬’Êá¼’¬137-7,+81 75-746-2906,˜aH,5.0 ,100Œ‚ÌŒûƒRƒ~,http://artofwar-group.com/index.html,,https://www.tripadvisor.jp/Restaurant_Review-g298564-d16813076-Reviews-Pontocho_Yakiniku_Yamakawa_Honten-Kyoto_Kyoto_Prefecture_Kinki.html
“o˜^Ï‚İ,‚ç[‚ß‚ñç‚Ì•— ‹“s“X,§604-8042 ‹“s•{ ‹“ss ’†‹‹æV‹‹É’Ê‚èlğãƒ‹’†”V’¬580,+81 75-255-0181,˜aH,4.5 ,927Œ‚ÌŒûƒRƒ~,http://ramensennokazekyoto.com/,https://ramensennokazekyoto.com/?page_id=15,https://www.tripadvisor.jp/Restaurant_Review-g298564-d3788802-Reviews-Ramen_Sen_no_Kaze_Kyoto-Kyoto_Kyoto_Prefecture_Kinki.html
“o˜^Ï‚İ,ƒU ƒ\ƒEƒhƒE “ŒR ‹“s,§605-0827 ‹“s•{ ‹“ss “ŒR‹æ”ªâ’Ê‰º‰ÍŒ´“Œ“ü”ªâã’¬366,+81 75-541-3331,ƒCƒ^ƒŠƒAƒ“,4.5 ,361Œ‚ÌŒûƒRƒ~,http://www.thesodoh.com/,https://www.thesodoh.com/restaurant/dinner/,https://www.tripadvisor.jp/Restaurant_Review-g298564-d2396710-Reviews-The_Sodoh_Higashiyama_Kyoto-Kyoto_Kyoto_Prefecture_Kinki.html
“o˜^Ï‚İ,‚©‚ß‚Í‚ß‚Í,§604-8045 ‹“s•{ ‹“ss ’†‹‹æ‰~•Ÿ›‘O’¬274-12,+81 75-256-8734,˜aH,5.0 ,96Œ‚ÌŒûƒRƒ~,http://www.kamehameha.website/,https://www.kamehameha.website/english-menu,https://www.tripadvisor.jp/Restaurant_Review-g298564-d12181848-Reviews-Kamehameha-Kyoto_Kyoto_Prefecture_Kinki.html
“o˜^Ï‚İ,–Ëˆ‚Ş‚ç‚¶,§604-8113 ‹“s•{ ‹“ss ’†‹‹æˆä“›‰®’¬404,+81 75-744-1144,˜aH,4.5 ,216Œ‚ÌŒûƒRƒ~,http://www.instagram.com/ramen_muraji/,https://www.instagram.com/ramen_muraji/,https://www.tripadvisor.jp/Restaurant_Review-g298564-d8822325-Reviews-RAMEN_MURAJI-Kyoto_Kyoto_Prefecture_Kinki.html
“o˜^Ï‚İ,’YÄ‰V“yˆäŠˆ‰V ‹_‰€”ªâ“X,§605-0821 ‹“s•{ ‹“ss “ŒR‹æ´ˆä’¬492-19 ‚³‚ñ‚³‚ñ”ªâ1F,+81 75-746-6689,˜aH,,,https://doikatsuman.net/,https://r.gnavi.co.jp/r17uy6cp0000/lunch/,https://www.tripadvisor.jp/Restaurant_Review-g298564-d24053535-Reviews-Sumiyakiunagi_Doikatsuman_Gionyasakaten-Kyoto_Kyoto_Prefecture_Kinki.html
“o˜^Ï‚İ,•ú‰ÛŒã‘Ê‰Ùqƒo[A-55 ‹“slğ‰ÍŒ´’¬“X,§604-8032 ‹“s•{ ‹“ss ’†‹‹æRè’¬258-23 Œ´³ƒrƒ‹ 2F,+81 75-746-6615,ƒo[,5.0 ,71Œ‚ÌŒûƒRƒ~,http://www.kyoto-dagashibar-a55.com/all-you-can-eat.html,https://www.kyoto-dagashibar-a55.com/menu.html,https://www.tripadvisor.jp/Restaurant_Review-g298564-d14022078-Reviews-Cool_all_you_can_eat_snack_Bar_A_55_Kyotoshijo_Kawaramachi-Kyoto_Kyoto_Prefectur.html
“o˜^Ï‚İ,H ‹{‚´‚í,§604-8123 ‹“s•{ ‹“ss ’†‹‹æä’¬lğãƒ‹“Œ‘¤”ª•S‰®’¬@553-1,+81 75-213-1326,˜aH,4.5 ,186Œ‚ÌŒûƒRƒ~,http://www.jiki-miyazawa.com/,http://www.jiki-miyazawa.com/jiki-dish.html,https://www.tripadvisor.jp/Restaurant_Review-g298564-d3381658-Reviews-Jiki_Miyazawa-Kyoto_Kyoto_Prefecture_Kinki.html
“o˜^Ï‚İ,ƒhƒ‰ƒSƒ“ƒo[ƒK[ “Œ•Ÿ›“X,§605-0981 ‹“s•{ ‹“ss “ŒR‹æ–{’¬13-243,+81 75-525-5611,ƒAƒƒŠƒJ—¿—,4.5 ,161Œ‚ÌŒûƒRƒ~,http://dragon-burger.com/,http://dragon-burger.com/burgers.html,https://www.tripadvisor.jp/Restaurant_Review-g298564-d13124186-Reviews-DRAGON_BURGER_Tofukuji-Kyoto_Kyoto_Prefecture_Kinki.html
“o˜^Ï‚İ,Œ®‘P—Ç–[ –{“X,§605-0073 ‹“s•{ ‹“ss “ŒR‹æ‹_‰€’¬–k‘¤264”Ô’n,+81 75-561-1818,˜aH,4.5 ,238Œ‚ÌŒûƒRƒ~,http://www.kagizen.co.jp/store/,,https://www.tripadvisor.jp/Restaurant_Review-g298564-d1172470-Reviews-Kagizen_Yoshifusa_Honten-Kyoto_Kyoto_Prefecture_Kinki.html
ƒI[ƒi[–¢“o˜^,‹“s‚½‚©‚Î‚µ –{‰Æ ‘æˆêˆ®,§600-8213 ‹“s•{ ‹“ss ‰º‹‹æ“Œ‰–¬˜HŒü”¨’¬845,+81 75-351-6321,˜aH,4.5 ,604Œ‚ÌŒûƒRƒ~,http://www.honke-daiichiasahi.com/,http://www.honke-daiichiasahi.com/,https://www.tripadvisor.jp/Restaurant_Review-g298564-d3178693-Reviews-Kyoto_Takabashi_Honke_Daiichi_Asahi-Kyoto_Kyoto_Prefecture_Kinki.html
“o˜^Ï‚İ,‹“sŒÜğ ¬–ì,§600-8104 ‹“s•{ ‹“ss ‰º‹‹æ–œõ›’¬140-2 The Blossom Kyoto,+81 75-708-5533,ƒtƒŒƒ“ƒ`,,,http://kebc700.gorp.jp/,https://r.gnavi.co.jp/p2crbsc70000/menu1/,https://www.tripadvisor.jp/Restaurant_Review-g298564-d25238006-Reviews-Kyoto_Gojo_Ono-Kyoto_Kyoto_Prefecture_Kinki.html
ƒI[ƒi[–¢“o˜^,‚Æ‚ñ‚©‚Â ˜aKˆÉ¨’O ‹“s“X,§600-8216 ‹“s•{ ‹“ss ‰º‹‹æ“Œ‰–¬˜H’¬901 JR‹“sˆÉ¨’O 11F,+81 75-342-0024,˜aH,4.5 ,222Œ‚ÌŒûƒRƒ~,http://www.wako-group.co.jp/shop/detail/2077,http://www.wako-group.co.jp/menu/,https://www.tripadvisor.jp/Restaurant_Review-g298564-d1703810-Reviews-Tonkatsu_Wako-Kyoto_Kyoto_Prefecture_Kinki.html
“o˜^Ï‚İ,’ƒ—¾“s˜H—¢ ‹_‰€–{“X,§605-0074 ‹“s•{ ‹“ss “ŒR‹æ‹_‰€’¬“ì‘¤573-3 ‹_‰€’Ò—˜–{“X 2ŠK 3ŠK,+81 75-561-2257,˜aH,4.5 ,271Œ‚ÌŒûƒRƒ~,http://www.giontsujiri.co.jp/store/saryotsujiri-honten/,http://www.giontsujiri.co.jp/saryo/menu/kyoto_gion/,https://www.tripadvisor.jp/Restaurant_Review-g298564-d1196778-Reviews-Saryo_Tsujiri_Gion_Honten-Kyoto_Kyoto_Prefecture_Kinki.html
“o˜^Ï‚İ,Ä“÷‚Ç‚¤‚ç‚­ ‹“s˜ZŠp’Ê‚è“X,§604-8034 ‹“s•{ ‹“ss ’†‹‹æ¼ƒP}’¬455,+81 75-241-2882,˜aH,4.5 ,104Œ‚ÌŒûƒRƒ~,http://www.yakinikudouraku.com/,https://yakinikudouraku.com/shop/d.rokkaku/menu/30,https://www.tripadvisor.jp/Restaurant_Review-g298564-d16850589-Reviews-Yakiniku_Douraku_Kyoto_Rokkakudori-Kyoto_Kyoto_Prefecture_Kinki.html
“o˜^Ï‚İ,“ú–{ğbal“Q wadachi,§605-0077 ‹“s•{ ‹“ss “ŒR‹æ“ùˆêŒ¬’¬227 Šâ‹´ƒrƒ‹1F,+81 75-531-0678,˜aH,4.5 ,232Œ‚ÌŒûƒRƒ~,https://www.facebook.com/kyoto.WADACHI/,,https://www.tripadvisor.jp/Restaurant_Review-g298564-d10524774-Reviews-Wadachi-Kyoto_Kyoto_Prefecture_Kinki.html
ƒI[ƒi[–¢“o˜^,RŒ³–Ë‘ ,§606-8334 ‹“s•{ ‹“ss ¶‹‹æ‰ªè“ìŒäŠ’¬34,+81 75-751-0677,˜aH,4.5 ,202Œ‚ÌŒûƒRƒ~,http://yamamotomenzou.com/,,https://www.tripadvisor.jp/Restaurant_Review-g298564-d1703423-Reviews-Yamamotomenzo-Kyoto_Kyoto_Prefecture_Kinki.html
“o˜^Ï‚İ,ITALIAN QUATRO ‹“s‰w‘O“X,§600-8216 ‹“s•{ ‹“ss ‰º‹‹æ‰–¬˜H’Ê‰GŠÛ¼“ü“Œ‰–¬˜H’¬614@V‹“sƒZƒ“ƒ^[ƒrƒ‹1F,+81 75-353-3777,ƒCƒ^ƒŠƒAƒ“,3.5 ,19Œ‚ÌŒûƒRƒ~,http://www.bal-flower.co.jp/fd/kyoto.html,https://r.gnavi.co.jp/1gm7v03u0000/menu6/,https://www.tripadvisor.jp/Restaurant_Review-g298564-d3514191-Reviews-Italian_quatro_Kyoto_Ekimae-Kyoto_Kyoto_Prefecture_Kinki.html
ƒI[ƒi[–¢“o˜^,‘ ‘q,§600-8148 ‹“s•{ ‹“ss ‰º‹‹æ“Œ“´‰@’Êµğã‚éˆ¹‰®’¬244 –Ø‘ºƒrƒ‹ 1F,+81 75-351-0347,ƒAƒWƒA—¿—,4.5 ,234Œ‚ÌŒûƒRƒ~,http://kurakura-kyoto.jp/,,https://www.tripadvisor.jp/Restaurant_Review-g298564-d3779815-Reviews-Kura_Kura-Kyoto_Kyoto_Prefecture_Kinki.html
“o˜^Ï‚İ,³‹` ‹“sƒ_ƒCƒjƒ“ƒO,§604-8031 ‹“s•{ ‹“ss ’†‹‹æ‰ÍŒ´’¬Oğ‰ºƒ‹‘å•’¬45 1F,+81 75-252-0344,˜aH,4.5 ,130Œ‚ÌŒûƒRƒ~,https://dining-masayoshi.com/,http://dining-masayoshi.com/lunch/,https://www.tripadvisor.jp/Restaurant_Review-g298564-d10281978-Reviews-Masayoshi_Kyoto_Dining-Kyoto_Kyoto_Prefecture_Kinki.html
“o˜^Ï‚İ,ƒJƒtƒF ƒhƒD ƒ‚ƒ“,§603-8215 ‹“s•{ ‹“ss –k‹æÄ–ì‰º–å‘O’¬44,+81 75-492-7837,ƒJƒtƒFE‹i’ƒ“X,5.0 ,123Œ‚ÌŒûƒRƒ~,http://mon-company.biz/,http://mon-company.biz/?page_id=15,https://www.tripadvisor.jp/Restaurant_Review-g298564-d4235854-Reviews-Cafe_du_Mon-Kyoto_Kyoto_Prefecture_Kinki.html
“o˜^Ï‚İ,Ä“÷‰®‚³‚ñ‚Ì‹†‹É‚Ì“÷ƒpƒ“ Wagyuuu •šŒ©ˆî‰×“X,§612-0012 ‹“s•{ ‹“ss •šŒ©‹æ[‘ˆêƒm’Ø’¬12-2,+81 75-632-9692,ƒJƒtƒFE‹i’ƒ“X,5.0 ,83Œ‚ÌŒûƒRƒ~,http://wagyuuu.jp/,https://gurunavi.com/en/kcar001/mn/menu2/rst/,https://www.tripadvisor.jp/Restaurant_Review-g298564-d14167764-Reviews-Wagyuuu_Fushimi_Inari-Kyoto_Kyoto_Prefecture_Kinki.html
ƒI[ƒi[–¢“o˜^,õ‚µ‚Ì‚Ş‚³‚µ ‹“s‰w”ªğŒû“X,§600-8214 ‹“s•{ ‹“ss ‰º‹‹æ“Œ‰–¬˜H‚‘q’¬8-3 ‹“s‰w”ªğŒû\“à ƒAƒXƒeƒBƒ[ƒh ‹“s‚¨‚à‚Ä‚È‚µ¬˜H,+81 75-662-0634,˜aH,4.0 ,721Œ‚ÌŒûƒRƒ~,http://www.sushinomusashi.com/index.html,https://www.sushinomusashi.com/oshinagaki/index.html,https://www.tripadvisor.jp/Restaurant_Review-g298564-d1671304-Reviews-Sushi_no_Musashi_JR_Kyoto_Station_8_jo_Entrance-Kyoto_Kyoto_Prefecture_Kinki.html
“o˜^Ï‚İ,“÷’à Œ‹,§604-0923 ‹“s•{ ‹“ss ’†‹‹æã¿–Ø’¬503-2,+81 75-221-8887,ƒOƒŠƒ‹,1.0 ,1Œ‚ÌŒûƒRƒ~,http://kc1y501.gorp.jp/?_gl=1*1hsag93*_ga*MTkxMzUyNTk2Ni4xNjc1MjE3MzMx*_ga_L9BHK8C28C*MTY3NjMzODkwMS4yMC4wLjE2NzYzMzg5MDEuNjAuMC4w,https://r.gnavi.co.jp/7s6eun1s0000/menu7/,https://www.tripadvisor.jp/Restaurant_Review-g298564-d25175386-Reviews-Nikutei_Yui-Kyoto_Kyoto_Prefecture_Kinki.html
ƒI[ƒi[–¢“o˜^,{Ø “V‚Õ‚ç —L”n,‹“s•{ ‹“ss ‰º‹‹æº’¬’Ê‚’Òãƒ‹R‰¤’¬572,+81 75-344-0111,˜aH,4.5 ,192Œ‚ÌŒûƒRƒ~,,https://kagm101.gorp.jp/,https://www.tripadvisor.jp/Restaurant_Review-g298564-d3867788-Reviews-Shunsai_Tempura_Arima-Kyoto_Kyoto_Prefecture_Kinki.html
ƒI[ƒi[–¢“o˜^,ƒCƒmƒ_ƒR[ƒq –{“X,§604-8118 ‹“s•{ ‹“ss ’†‹‹æ“¹—S’¬140,+81 75-221-0507,ƒJƒtƒFE‹i’ƒ“X,4.0 ,392Œ‚ÌŒûƒRƒ~,http://www.inoda-coffee.co.jp/shop/honten/,https://www.inoda-coffee.co.jp/shop/honten/honten_menu/,https://www.tripadvisor.jp/Restaurant_Review-g298564-d1663472-Reviews-Inoda_Coffee_Honten-Kyoto_Kyoto_Prefecture_Kinki.html
“o˜^Ï‚İ,ŒÜğƒpƒ‰ƒfƒBƒ\ Restaurant & Bar,§600-8116 ‹“s•{ ‹“ss ‰º‹‹æ¹^q’¬169-1,+81 80-3804-1691,ƒoƒ‰ƒGƒeƒB,4.5 ,219Œ‚ÌŒûƒRƒ~,http://gojoparadiso.jp/,http://gojoparadiso.jp/,https://www.tripadvisor.jp/Restaurant_Review-g298564-d5986176-Reviews-Gojo_Paradiso_Restaurant_Bar-Kyoto_Kyoto_Prefecture_Kinki.html
ƒI[ƒi[–¢“o˜^,‚¤‚È‚¬‰® œAì,§616-8374 ‹“s•{ ‹“ss ‰E‹‹æµ‰ã“V—´›–k‘¢˜H’¬44-1,+81 75-871-5226,˜aH,4.5 ,241Œ‚ÌŒûƒRƒ~,http://unagi-hirokawa.jp/,https://unagi-hirokawa.jp/menu.html,https://www.tripadvisor.jp/Restaurant_Review-g298564-d10307006-Reviews-Unagiya_Hirokawa-Kyoto_Kyoto_Prefecture_Kinki.html
“o˜^Ï‚İ,ƒ^ƒCƒK[éLq‰ïŠÙ lğ‰GŠÛ“X,§604-8155 ‹“s•{ ‹“ss ’†‹‹æèoR’¬314-1,+81 75-708-5212,˜aH,4.5 ,353Œ‚ÌŒûƒRƒ~,http://kiwa-group.co.jp/tiger_shijokarasuma/,,https://www.tripadvisor.jp/Restaurant_Review-g298564-d7183969-Reviews-Tiger_Gyoza_Kaikan_Shijo_Karasuma-Kyoto_Kyoto_Prefecture_Kinki.html
“o˜^Ï‚İ,‚à‚è‚à‚èõ‚µ lğ‰ÍŒ´’¬“X,§600-8001 ‹“s•{ ‹“ss ‰º‹‹ælğ’¬‰ÍŒ´’¬“Œ“ü^’¬68 Z—F•s“®Y‹“sƒrƒ‹8ŠK,+81 75-708-7623,˜aH,4.5 ,7Œ‚ÌŒûƒRƒ~,,,https://www.tripadvisor.jp/Restaurant_Review-g298564-d12726825-Reviews-Morimori_Sushi_Shijo_Kawaramachi-Kyoto_Kyoto_Prefecture_Kinki.html
